{"cameraMode":{"drawMode":0,"name":"Shaded","section":"Shading Mode"},"sceneLighting":false,"audioPlay":false,"sceneViewState":{"showFog":true,"showMaterialUpdate":false,"showSkybox":false,"showFlares":true,"showImageEffects":true,"showParticleSystems":true},"in2DMode":false,"pivot":{"x":8.086564064025879,"y":1.6746673583984376,"z":-8.622167587280274},"rotation":{"x":0.15046091377735139,"y":-0.5253013372421265,"z":0.09485883265733719,"w":0.8321697115898132},"size":5.5276689529418949,"orthographic":false}